cloneCount,Indiv,group,well,TRBV,Vb,CDR3b Sequence,Jb,TRBJ,TRBD,CDR3b Length,TRAV,Va,CDR3a Sequence,Ja,TRAJ,AJ,BJ,AJBJ
1,780,other,A2,BV13-1,YFCAS,SEDSSYNSPL,YFA,BJ1-6,1,10,AV1,YLCAV,RDQGNTGKL,IFG,AJ37,AV1.AJ37,BV13-1.BJ1-6,AV1.AJ37_BV13-1.BJ1-6
1,780,other,A3,BV13-1,YFCAS,SEDSNSPL,YFA,BJ1-6,1,8,AV13N-1,YLCAM,HTGANTGKL,TFG,AJ52,AV13N-1.AJ52,BV13-1.BJ1-6,AV13N-1.AJ52_BV13-1.BJ1-6
1,780,other,A4,BV13-1,YFCAS,SEDNSGNTL,YFG,BJ1-3,1,9,AV7-5,YLCAV,ISSGSWQL,IFG,AJ22,AV7-5.AJ22,BV13-1.BJ1-3,AV7-5.AJ22_BV13-1.BJ1-3
1,780,other,A6,BV13-1,YFCAS,SEDSSQNTL,YFG,BJ2-4,1,9,AV6-3,YYCAM,RDSAGNTGKL,IFG,AJ37,AV6-3.AJ37,BV13-1.BJ2-4,AV6-3.AJ37_BV13-1.BJ2-4
1,780,other,A7,BV13-1,YFCAS,SEDSSYNSPL,YFA,BJ1-6,1,10,AV1,YLCAV,RDQGNTGKL,IFG,AJ37,AV1.AJ37,BV13-1.BJ1-6,AV1.AJ37_BV13-1.BJ1-6
1,780,other,A8,BV19,FLCAS,SIGGTSAETL,YFG,BJ2-3,2,10,AV11,YICVV,GGDSGYNKL,TFG,AJ11,AV11.AJ11,BV19.BJ2-3,AV11.AJ11_BV19.BJ2-3
1,780,other,A10,BV13-1,YFCAS,SEDSSQNTL,YFG,BJ2-4,1,9,AV6-3,YYCAM,RDSAGNTGKL,IFG,AJ37,AV6-3.AJ37,BV13-1.BJ2-4,AV6-3.AJ37_BV13-1.BJ2-4
1,780,other,B3,BV29,YFCAS,SLSGTTNTEV,FFG,BJ1-1,1,10,AV6-7/DV9,YYCAL,SDYDTNAYKV,IFG,AJ30,AV6-7/DV9.AJ30,BV29.BJ1-1,AV6-7/DV9.AJ30_BV29.BJ1-1
1,780,other,B5,BV13-1,YFCAS,SEDSSQNTL,YFG,BJ2-4,1,9,AV6-3,YYCAM,RDSAGNTGKL,IFG,AJ37,AV6-3.AJ37,BV13-1.BJ2-4,AV6-3.AJ37_BV13-1.BJ2-4
1,780,other,B7,BV13-1,YFCAS,SEDSSQNTL,YFG,BJ2-4,1,9,AV6-3,YYCAM,RDSAGNTGKL,IFG,AJ37,AV6-3.AJ37,BV13-1.BJ2-4,AV6-3.AJ37_BV13-1.BJ2-4
1,780,other,B8,BV13-1,YFCAS,SDLGLGGDYAEQ,FFG,BJ2-1,2,12,AV16D/DV11,YFCAM,REGWNTEGADRL,TFG,AJ45,AV16D/DV11.AJ45,BV13-1.BJ2-1,AV16D/DV11.AJ45_BV13-1.BJ2-1
1,780,other,B9,BV13-1,YFCAS,SEDSSGNTL,YFG,BJ1-3,1,9,AV6D-4,YFCAL,VDRTGNTGKL,IFG,AJ37,AV6D-4.AJ37,BV13-1.BJ1-3,AV6D-4.AJ37_BV13-1.BJ1-3
1,780,other,B10,BV26,YLCAS,RQGNNQAP,LFG,BJ1-5,1,8,AV9D-4,YFCVL,SALDSNYQL,IWG,AJ33,AV9D-4.AJ33,BV26.BJ1-5,AV9D-4.AJ33_BV26.BJ1-5
1,780,other,C1,BV29,YFCAS,SLSGTTNTEV,FFG,BJ1-1,1,10,AV6-7/DV9,YYCAL,SDYDTNAYKV,IFG,AJ30,AV6-7/DV9.AJ30,BV29.BJ1-1,AV6-7/DV9.AJ30_BV29.BJ1-1
1,780,other,C2,BV13-1,YFCAS,SEDSSQNTL,YFG,BJ2-4,1,9,AV6-3,YYCAM,RDSAGNTGKL,IFG,AJ37,AV6-3.AJ37,BV13-1.BJ2-4,AV6-3.AJ37_BV13-1.BJ2-4
1,780,other,C4,BV13-1,YFCAS,SEDSNSPL,YFA,BJ1-6,1,8,AV13N-1,YLCAM,HTGANTGKL,TFG,AJ52,AV13N-1.AJ52,BV13-1.BJ1-6,AV13N-1.AJ52_BV13-1.BJ1-6
1,780,other,C5,BV29,YFCAS,SLSGTTNTEV,FFG,BJ1-1,1,10,AV6-7/DV9,YYCAL,SDYDTNAYKV,IFG,AJ30,AV6-7/DV9.AJ30,BV29.BJ1-1,AV6-7/DV9.AJ30_BV29.BJ1-1
1,780,other,C6,BV29,YFCAS,SLSGTTNTEV,FFG,BJ1-1,1,10,AV6-7/DV9,YYCAL,SDYDTNAYKV,IFG,AJ30,AV6-7/DV9.AJ30,BV29.BJ1-1,AV6-7/DV9.AJ30_BV29.BJ1-1
1,780,other,C7,BV29,YFCAS,SLSGTTNTEV,FFG,BJ1-1,1,10,AV6-7/DV9,YYCAL,SDYDTNAYKV,IFG,AJ30,AV6-7/DV9.AJ30,BV29.BJ1-1,AV6-7/DV9.AJ30_BV29.BJ1-1
1,780,other,C8,BV13-1,YFCAS,SEDSSQNTL,YFG,BJ2-4,1,9,AV6-3,YYCAM,RDSAGNTGKL,IFG,AJ37,AV6-3.AJ37,BV13-1.BJ2-4,AV6-3.AJ37_BV13-1.BJ2-4
1,780,other,C10,BV13-1,YFCAS,SDLGLGGDYAEQ,FFG,BJ2-1,2,12,AV16D/DV11,YFCAM,REGWNTEGADRL,TFG,AJ45,AV16D/DV11.AJ45,BV13-1.BJ2-1,AV16D/DV11.AJ45_BV13-1.BJ2-1
1,780,other,D6,BV29,YFCAS,SLSGTTNTEV,FFG,BJ1-1,1,10,AV6-7/DV9,YYCAL,SDYDTNAYKV,IFG,AJ30,AV6-7/DV9.AJ30,BV29.BJ1-1,AV6-7/DV9.AJ30_BV29.BJ1-1
1,780,other,D7,BV13-1,YFCAS,SDLGLGGDYAEQ,FFG,BJ2-1,2,12,AV16D/DV11,YFCAM,REGWNTEGADRL,TFG,AJ45,AV16D/DV11.AJ45,BV13-1.BJ2-1,AV16D/DV11.AJ45_BV13-1.BJ2-1
1,780,other,D8,BV13-1,YFCAS,SEDSSYNSPL,YFA,BJ1-6,1,10,AV1,YLCAV,RDQGNTGKL,IFG,AJ37,AV1.AJ37,BV13-1.BJ1-6,AV1.AJ37_BV13-1.BJ1-6
1,780,other,D9,BV29,YFCAS,SLSGTTNTEV,FFG,BJ1-1,1,10,AV6-7/DV9,YYCAL,SDYDTNAYKV,IFG,AJ30,AV6-7/DV9.AJ30,BV29.BJ1-1,AV6-7/DV9.AJ30_BV29.BJ1-1
1,780,other,E1,BV29,YFCAS,SLSGTTNTEV,FFG,BJ1-1,1,10,AV6-7/DV9,YYCAL,SDYDTNAYKV,IFG,AJ30,AV6-7/DV9.AJ30,BV29.BJ1-1,AV6-7/DV9.AJ30_BV29.BJ1-1
1,780,other,E2,BV13-1,YFCAS,SEDNSGNTL,YFG,BJ1-3,1,9,AV7-5,YLCAV,ISSGSWQL,IFG,AJ22,AV7-5.AJ22,BV13-1.BJ1-3,AV7-5.AJ22_BV13-1.BJ1-3
1,780,other,E4,BV13-1,YFCAS,SEDSNSPL,YFA,BJ1-6,1,8,AV13N-1,YLCAM,HTGANTGKL,TFG,AJ52,AV13N-1.AJ52,BV13-1.BJ1-6,AV13N-1.AJ52_BV13-1.BJ1-6
1,780,other,E5,BV13-1,YFCAS,SEDSSYNSPL,YFA,BJ1-6,1,10,AV1,YLCAV,RDQGNTGKL,IFG,AJ37,AV1.AJ37,BV13-1.BJ1-6,AV1.AJ37_BV13-1.BJ1-6
1,780,other,E6,BV19,FLCAS,SIGGTSAETL,YFG,BJ2-3,2,10,AV11,YICVV,GGDSGYNKL,TFG,AJ11,AV11.AJ11,BV19.BJ2-3,AV11.AJ11_BV19.BJ2-3
1,780,other,E8,BV13-1,YFCAS,SEDSSQNTL,YFG,BJ2-4,1,9,AV6-3,YYCAM,RDSAGNTGKL,IFG,AJ37,AV6-3.AJ37,BV13-1.BJ2-4,AV6-3.AJ37_BV13-1.BJ2-4
1,780,other,E10,BV29,YFCAS,SLSGTTNTEV,FFG,BJ1-1,1,10,AV6-7/DV9,YYCAL,SDYDTNAYKV,IFG,AJ30,AV6-7/DV9.AJ30,BV29.BJ1-1,AV6-7/DV9.AJ30_BV29.BJ1-1
1,780,other,F1,BV29,YFCAS,SLSGTTNTEV,FFG,BJ1-1,1,10,AV6-7/DV9,YYCAL,SDYDTNAYKV,IFG,AJ30,AV6-7/DV9.AJ30,BV29.BJ1-1,AV6-7/DV9.AJ30_BV29.BJ1-1
1,780,other,F2,BV19,FLCAS,SMGGAGAETL,YFG,BJ2-3,2,10,AV6-7/DV9,YYCAL,SDYDTNAYKV,IFG,AJ30,AV6-7/DV9.AJ30,BV19.BJ2-3,AV6-7/DV9.AJ30_BV19.BJ2-3
1,780,other,F3,BV13-1,YFCAS,SDLGLGGDYAEQ,FFG,BJ2-1,2,12,AV16D/DV11,YFCAM,REGWNTEGADRL,TFG,AJ45,AV16D/DV11.AJ45,BV13-1.BJ2-1,AV16D/DV11.AJ45_BV13-1.BJ2-1
1,780,other,F4,BV13-1,YFCAS,SDLGLGGDYAEQ,FFG,BJ2-1,2,12,AV16D/DV11,YFCAM,REGWNTEGADRL,TFG,AJ45,AV16D/DV11.AJ45,BV13-1.BJ2-1,AV16D/DV11.AJ45_BV13-1.BJ2-1
1,780,other,F5,BV19,FLCAS,SMGGAGAETL,YFG,BJ2-3,2,10,AV6-7/DV9,YYCAL,SDYDTNAYKV,IFG,AJ30,AV6-7/DV9.AJ30,BV19.BJ2-3,AV6-7/DV9.AJ30_BV19.BJ2-3
1,780,other,F7,BV19,FLCAS,SMGGAGAETL,YFG,BJ2-3,2,10,AV6-7/DV9,YYCAL,SDYDTNAYKV,IFG,AJ30,AV6-7/DV9.AJ30,BV19.BJ2-3,AV6-7/DV9.AJ30_BV19.BJ2-3
1,780,other,F8,BV13-1,YFCAS,SEDSSYNSPL,YFA,BJ1-6,1,10,AV1,YLCAV,RDQGNTGKL,IFG,AJ37,AV1.AJ37,BV13-1.BJ1-6,AV1.AJ37_BV13-1.BJ1-6
1,780,other,F9,BV13-1,YFCAS,SEDSSYNSPL,YFA,BJ1-6,1,10,AV1,YLCAV,RDQGNTGKL,IFG,AJ37,AV1.AJ37,BV13-1.BJ1-6,AV1.AJ37_BV13-1.BJ1-6
1,780,other,F10,BV19,FLCAS,SMGGAGAETL,YFG,BJ2-3,2,10,AV6-7/DV9,YYCAL,SDYDTNAYKV,IFG,AJ30,AV6-7/DV9.AJ30,BV19.BJ2-3,AV6-7/DV9.AJ30_BV19.BJ2-3
1,780,other,G2,BV13-1,YFCAS,SEDSSQNTL,YFG,BJ2-4,1,9,AV6-3,YYCAM,RDSAGNTGKL,IFG,AJ37,AV6-3.AJ37,BV13-1.BJ2-4,AV6-3.AJ37_BV13-1.BJ2-4
1,780,other,G3,BV13-1,YFCAS,SEDSSQNTL,YFG,BJ2-4,1,9,AV6-3,YYCAM,RDSAGNTGKL,IFG,AJ37,AV6-3.AJ37,BV13-1.BJ2-4,AV6-3.AJ37_BV13-1.BJ2-4
1,780,other,G4,BV29,YFCAS,SLSGTTNTEV,FFG,BJ1-1,1,10,AV6-7/DV9,YYCAL,SDYDTNAYKV,IFG,AJ30,AV6-7/DV9.AJ30,BV29.BJ1-1,AV6-7/DV9.AJ30_BV29.BJ1-1
1,780,other,G6,BV13-1,YFCAS,SEDSNSPL,YFA,BJ1-6,1,8,AV13N-1,YLCAM,HTGANTGKL,TFG,AJ52,AV13N-1.AJ52,BV13-1.BJ1-6,AV13N-1.AJ52_BV13-1.BJ1-6
1,780,other,G7,BV19,FLCAS,SIGGTGQDTQ,YFG,BJ2-5,2,10,AV6-7/DV9,YYCAL,GDYDTNAYKV,IFG,AJ30,AV6-7/DV9.AJ30,BV19.BJ2-5,AV6-7/DV9.AJ30_BV19.BJ2-5
1,780,other,G10,BV4,FLCAS,SAQGPLNERL,FFG,BJ1-4,1,10,AV6-6,YYCAL,GSGGSNYKL,TFG,AJ53,AV6-6.AJ53,BV4.BJ1-4,AV6-6.AJ53_BV4.BJ1-4
1,780,other,H1,BV19,YFCAS,SMGGAGAETL,YFG,BJ2-3,2,10,AV6-7/DV9,YYCAL,SDYDTNAYKV,IFG,AJ30,AV6-7/DV9.AJ30,BV19.BJ2-3,AV6-7/DV9.AJ30_BV19.BJ2-3
1,780,other,H3,BV13-1,YFCAS,SEDSSQNTL,YFG,BJ2-4,1,9,AV6-3,YYCAM,RDSAGNTGKL,IFG,AJ37,AV6-3.AJ37,BV13-1.BJ2-4,AV6-3.AJ37_BV13-1.BJ2-4
1,780,other,H4,BV13-1,YFCAS,SEDSSQNTL,YFG,BJ2-4,1,9,AV6-3,YYCAM,RDSAGNTGKL,IFG,AJ37,AV6-3.AJ37,BV13-1.BJ2-4,AV6-3.AJ37_BV13-1.BJ2-4
1,780,other,H6,BV13-1,YFCAS,SEDSSYNSPL,YFA,BJ1-6,1,10,AV1,YLCAV,RDQGNTGKL,IFG,AJ37,AV1.AJ37,BV13-1.BJ1-6,AV1.AJ37_BV13-1.BJ1-6
1,780,other,H7,BV13-1,YFCAS,SGDRSSYEQ,YFG,BJ2-7,1,9,AV5-4,YFCAA,SDAYKV,IFG,AJ30,AV5-4.AJ30,BV13-1.BJ2-7,AV5-4.AJ30_BV13-1.BJ2-7