Indiv,group,TRBV,CDR3b.Sequence,TRBJ,TRAV,CDR3a.Sequence,TRAJ,AJ,BJ,AJBJ,well,Vb,Jb,TRBD,CDR3b.Length,Va,Ja,FSC.A,FSC.W,FSC.H,SSC.A,SSC.W,SSC.H,dump.fitc,CD8.pb,LD.aqua,CD4.buv395,tcr.beta.APC.Cy7,tetramer.1.APC,tetramer.2.PE,CD62L.bv605,Time,cloneCount,# of clones,clonal,gene.CDR3.1,gene.CDR3.2,gene.CDR3.both
780,other,BV13-1,SDLGLGGDYAEQ,BJ2-1,AV16D/DV11,REGWNTEGADRL,AJ45,AV16D/DV11.AJ45,BV13-1.BJ2-1,AV16D/DV11.AJ45_BV13-1.BJ2-1,C10,YFCAS,FFG,2,12,YFCAM,TFG,130102.9531,85873.11719,99291,42482.55859,104556.75,26628,604.1599731,542.7000122,728.2900391,12865.25977,15819.68945,860.8800049,6497.919922,1181.880005,11349.90039,1,5,yes,AV16D/DV11.AJ45_REGWNTEGADRL_780,BV13-1.BJ2-1_SDLGLGGDYAEQ_780,AV16D/DV11.AJ45_REGWNTEGADRL_BV13-1.BJ2-1_SDLGLGGDYAEQ_780
780,other,BV13-1,SDLGLGGDYAEQ,BJ2-1,AV16D/DV11,REGWNTEGADRL,AJ45,AV16D/DV11.AJ45,BV13-1.BJ2-1,AV16D/DV11.AJ45_BV13-1.BJ2-1,B8,YFCAS,FFG,2,12,YFCAM,TFG,114832.5625,74353.27344,101215,33253.75781,76907.15625,28337,572.1599731,400.6600037,254.6000061,16465.85938,13445.12988,679.3200073,5417.279785,1054.580078,4233.799805,1,5,yes,AV16D/DV11.AJ45_REGWNTEGADRL_780,BV13-1.BJ2-1_SDLGLGGDYAEQ_780,AV16D/DV11.AJ45_REGWNTEGADRL_BV13-1.BJ2-1_SDLGLGGDYAEQ_780
780,other,BV13-1,SDLGLGGDYAEQ,BJ2-1,AV16D/DV11,REGWNTEGADRL,AJ45,AV16D/DV11.AJ45,BV13-1.BJ2-1,AV16D/DV11.AJ45_BV13-1.BJ2-1,D7,YFCAS,FFG,2,12,YFCAM,TFG,138629.9688,85727.73438,105978,49632,89465.10938,36357,578.5599976,531.3099976,446.2200012,5912.429688,11403.08984,500.8199768,6504.080078,1541.670044,15163.09961,1,5,yes,AV16D/DV11.AJ45_REGWNTEGADRL_780,BV13-1.BJ2-1_SDLGLGGDYAEQ_780,AV16D/DV11.AJ45_REGWNTEGADRL_BV13-1.BJ2-1_SDLGLGGDYAEQ_780
780,other,BV13-1,SDLGLGGDYAEQ,BJ2-1,AV16D/DV11,REGWNTEGADRL,AJ45,AV16D/DV11.AJ45,BV13-1.BJ2-1,AV16D/DV11.AJ45_BV13-1.BJ2-1,F4,YFCAS,FFG,2,12,YFCAM,TFG,120251.1328,82502.23438,95522,32252.16016,87414.29688,24180,81.91999817,331.6499939,139.3600006,11142.47949,12228.26953,490.1099854,6308.719727,444.210022,13141.2002,1,5,yes,AV16D/DV11.AJ45_REGWNTEGADRL_780,BV13-1.BJ2-1_SDLGLGGDYAEQ_780,AV16D/DV11.AJ45_REGWNTEGADRL_BV13-1.BJ2-1_SDLGLGGDYAEQ_780
780,other,BV13-1,SDLGLGGDYAEQ,BJ2-1,AV16D/DV11,REGWNTEGADRL,AJ45,AV16D/DV11.AJ45,BV13-1.BJ2-1,AV16D/DV11.AJ45_BV13-1.BJ2-1,F3,YFCAS,FFG,2,12,YFCAM,TFG,144975.2031,84885.01563,111929,36968.96094,86537.75781,27997,701.4400024,651.9100342,379.8900146,16202.18945,13464.50977,496.7399902,8852.799805,1882.030029,13421,1,5,yes,AV16D/DV11.AJ45_REGWNTEGADRL_780,BV13-1.BJ2-1_SDLGLGGDYAEQ_780,AV16D/DV11.AJ45_REGWNTEGADRL_BV13-1.BJ2-1_SDLGLGGDYAEQ_780
780,other,BV13-1,SEDNSGNTL,BJ1-3,AV7-5,ISSGSWQL,AJ22,AV7-5.AJ22,BV13-1.BJ1-3,AV7-5.AJ22_BV13-1.BJ1-3,A4,YFCAS,YFG,1,9,YLCAV,IFG,103825.6797,83897.27344,81103,19927.03906,85579.19531,15260,0.009,179.5599976,0.07,27884.25,19952.73047,2939.639893,222.6399994,987.5800171,2457.399902,1,2,yes,AV7-5.AJ22_ISSGSWQL_780,BV13-1.BJ1-3_SEDNSGNTL_780,AV7-5.AJ22_ISSGSWQL_BV13-1.BJ1-3_SEDNSGNTL_780
780,other,BV13-1,SEDNSGNTL,BJ1-3,AV7-5,ISSGSWQL,AJ22,AV7-5.AJ22,BV13-1.BJ1-3,AV7-5.AJ22_BV13-1.BJ1-3,E2,YFCAS,YFG,1,9,YLCAV,IFG,139967.875,80262.28125,114287,37662.71875,78437.26563,31468,153.5999908,511.210022,310.210022,42949.14063,29091.92969,2648.939941,331.7600098,1103.48999,2362.300049,1,2,yes,AV7-5.AJ22_ISSGSWQL_780,BV13-1.BJ1-3_SEDNSGNTL_780,AV7-5.AJ22_ISSGSWQL_BV13-1.BJ1-3_SEDNSGNTL_780
780,other,BV13-1,SEDSNSPL,BJ1-6,AV13N-1,HTGANTGKL,AJ52,AV13N-1.AJ52,BV13-1.BJ1-6,AV13N-1.AJ52_BV13-1.BJ1-6,G6,YFCAS,YFA,1,8,YLCAM,TFG,123616.9531,77233.78125,104894,30455.03906,80066.64844,24928,358.3999939,299.4900208,257.9500122,30768.29883,16417.41016,4623.660156,373.1199951,1114.880005,17133.59961,1,4,yes,AV13N-1.AJ52_HTGANTGKL_780,BV13-1.BJ1-6_SEDSNSPL_780,AV13N-1.AJ52_HTGANTGKL_BV13-1.BJ1-6_SEDSNSPL_780
780,other,BV13-1,SEDSNSPL,BJ1-6,AV13N-1,HTGANTGKL,AJ52,AV13N-1.AJ52,BV13-1.BJ1-6,AV13N-1.AJ52_BV13-1.BJ1-6,A3,YFCAS,YFA,1,8,YLCAM,TFG,151289.4063,78362.5625,126526,39338.23828,80203.79688,32144,165.7599945,510.5400085,361.8000183,24412.16992,19586.03906,4787.370117,1101.76001,3130.23999,2217.399902,1,4,yes,AV13N-1.AJ52_HTGANTGKL_780,BV13-1.BJ1-6_SEDSNSPL_780,AV13N-1.AJ52_HTGANTGKL_BV13-1.BJ1-6_SEDSNSPL_780
780,other,BV13-1,SEDSNSPL,BJ1-6,AV13N-1,HTGANTGKL,AJ52,AV13N-1.AJ52,BV13-1.BJ1-6,AV13N-1.AJ52_BV13-1.BJ1-6,C4,YFCAS,YFA,1,8,YLCAM,TFG,98893.5625,76664.79688,84538,33044.48047,73182.04688,29592,10.88000011,333.6600037,179.5599976,16106.30957,12933.59961,3497.069824,795.5200195,2917.180176,8642.5,1,4,yes,AV13N-1.AJ52_HTGANTGKL_780,BV13-1.BJ1-6_SEDSNSPL_780,AV13N-1.AJ52_HTGANTGKL_BV13-1.BJ1-6_SEDSNSPL_780
780,other,BV13-1,SEDSNSPL,BJ1-6,AV13N-1,HTGANTGKL,AJ52,AV13N-1.AJ52,BV13-1.BJ1-6,AV13N-1.AJ52_BV13-1.BJ1-6,E4,YFCAS,YFA,1,8,YLCAM,TFG,110662.8906,79757.21094,90931,30855.03906,81599.44531,24781,145.2799988,314.230011,219.7600098,38349.44922,23610.44922,4127.939941,497.2000122,647.2200317,3683.600098,1,4,yes,AV13N-1.AJ52_HTGANTGKL_780,BV13-1.BJ1-6_SEDSNSPL_780,AV13N-1.AJ52_HTGANTGKL_BV13-1.BJ1-6_SEDSNSPL_780
780,other,BV13-1,SEDSSGNTL,BJ1-3,AV6D-4,VDRTGNTGKL,AJ37,AV6D-4.AJ37,BV13-1.BJ1-3,AV6D-4.AJ37_BV13-1.BJ1-3,B9,YFCAS,YFG,1,9,YFCAL,IFG,142206.2344,77512.41406,120234,41828.48047,80011.41406,34261,0.1,293.460022,284.75,18408.44922,24079.13867,3324.689941,146.9600067,344.3800049,3934.199951,1,1,yes,AV6D-4.AJ37_VDRTGNTGKL_780,BV13-1.BJ1-3_SEDSSGNTL_780,AV6D-4.AJ37_VDRTGNTGKL_BV13-1.BJ1-3_SEDSSGNTL_780
780,other,BV13-1,SEDSSQNTL,BJ2-4,AV6-3,RDSAGNTGKL,AJ37,AV6-3.AJ37,BV13-1.BJ2-4,AV6-3.AJ37_BV13-1.BJ2-4,A10,YFCAS,YFG,1,9,YYCAM,IFG,128666.3672,78269.4375,107734,22376.32031,81010.64063,18102,99.19999695,206.3600006,142.0400085,22049.84961,23518.65039,8279.339844,1041.920044,989.5900269,3011.399902,1,11,yes,AV6-3.AJ37_RDSAGNTGKL_780,BV13-1.BJ2-4_SEDSSQNTL_780,AV6-3.AJ37_RDSAGNTGKL_BV13-1.BJ2-4_SEDSSQNTL_780
780,other,BV13-1,SEDSSQNTL,BJ2-4,AV6-3,RDSAGNTGKL,AJ37,AV6-3.AJ37,BV13-1.BJ2-4,AV6-3.AJ37_BV13-1.BJ2-4,A6,YFCAS,YFG,1,9,YYCAM,IFG,114949.8594,75046.11719,100383,36172.80078,73393.82813,32300,103.6800003,480.3900146,328.9700012,36272.73047,22856.16016,9690,1836.559937,1277.02002,1267,1,11,yes,AV6-3.AJ37_RDSAGNTGKL_780,BV13-1.BJ2-4_SEDSSQNTL_780,AV6-3.AJ37_RDSAGNTGKL_BV13-1.BJ2-4_SEDSSQNTL_780
780,other,BV13-1,SEDSSQNTL,BJ2-4,AV6-3,RDSAGNTGKL,AJ37,AV6-3.AJ37,BV13-1.BJ2-4,AV6-3.AJ37_BV13-1.BJ2-4,B5,YFCAS,YFG,1,9,YYCAM,IFG,115083.7188,78170.53125,96483,39157.75781,77520.625,33104,264.9599915,267.3300171,363.1400146,11566.7998,7603.080078,4413.540039,685.5200195,625.7800293,5400.100098,1,11,yes,AV6-3.AJ37_RDSAGNTGKL_780,BV13-1.BJ2-4_SEDSSQNTL_780,AV6-3.AJ37_RDSAGNTGKL_BV13-1.BJ2-4_SEDSSQNTL_780
780,other,BV13-1,SEDSSQNTL,BJ2-4,AV6-3,RDSAGNTGKL,AJ37,AV6-3.AJ37,BV13-1.BJ2-4,AV6-3.AJ37_BV13-1.BJ2-4,G2,YFCAS,YFG,1,9,YYCAM,IFG,113284.2031,74834.63281,99208,36716.80078,79757.11719,30170,627.2000122,409.3699951,340.3600159,27555.29883,11136.35938,2825.909912,360.7999878,1198.630005,14902.40039,1,11,yes,AV6-3.AJ37_RDSAGNTGKL_780,BV13-1.BJ2-4_SEDSSQNTL_780,AV6-3.AJ37_RDSAGNTGKL_BV13-1.BJ2-4_SEDSSQNTL_780
780,other,BV13-1,SEDSSQNTL,BJ2-4,AV6-3,RDSAGNTGKL,AJ37,AV6-3.AJ37,BV13-1.BJ2-4,AV6-3.AJ37_BV13-1.BJ2-4,C8,YFCAS,YFG,1,9,YYCAM,IFG,152247.8125,78803.5625,126615,27520.63867,79439.42188,22704,432,473.6900024,529.2999878,12238.97949,15215.84961,4323.27002,428.5599976,1011.030029,10200.5,1,11,yes,AV6-3.AJ37_RDSAGNTGKL_780,BV13-1.BJ2-4_SEDSSQNTL_780,AV6-3.AJ37_RDSAGNTGKL_BV13-1.BJ2-4_SEDSSQNTL_780
780,other,BV13-1,SEDSSQNTL,BJ2-4,AV6-3,RDSAGNTGKL,AJ37,AV6-3.AJ37,BV13-1.BJ2-4,AV6-3.AJ37_BV13-1.BJ2-4,E8,YFCAS,YFG,1,9,YYCAM,IFG,106520.8203,81088.96094,86090,60755.19922,82792.41406,48092,238.7200012,554.0900269,302.1700134,24272.93945,12705.12012,2443.409912,967.1199951,3057.880127,6296.100098,1,11,yes,AV6-3.AJ37_RDSAGNTGKL_780,BV13-1.BJ2-4_SEDSSQNTL_780,AV6-3.AJ37_RDSAGNTGKL_BV13-1.BJ2-4_SEDSSQNTL_780
780,other,BV13-1,SEDSSQNTL,BJ2-4,AV6-3,RDSAGNTGKL,AJ37,AV6-3.AJ37,BV13-1.BJ2-4,AV6-3.AJ37_BV13-1.BJ2-4,H4,YFCAS,YFG,1,9,YYCAM,IFG,114911.2188,79383.78125,94866,30051.83984,77282.89844,25484,64.63999939,217.75,160.8000031,21191.00977,16726.98047,5314.709961,1708.079956,1571.150024,23934.59961,1,11,yes,AV6-3.AJ37_RDSAGNTGKL_780,BV13-1.BJ2-4_SEDSSQNTL_780,AV6-3.AJ37_RDSAGNTGKL_BV13-1.BJ2-4_SEDSSQNTL_780
780,other,BV13-1,SEDSSQNTL,BJ2-4,AV6-3,RDSAGNTGKL,AJ37,AV6-3.AJ37,BV13-1.BJ2-4,AV6-3.AJ37_BV13-1.BJ2-4,B7,YFCAS,YFG,1,9,YYCAM,IFG,124340.7578,74795.96094,108947,33671.03906,72728.82813,30341,2.559999943,250.5800018,263.980011,6265.350098,7823.909668,11657.06934,880.8800049,485.75,4582.100098,1,11,yes,AV6-3.AJ37_RDSAGNTGKL_780,BV13-1.BJ2-4_SEDSSQNTL_780,AV6-3.AJ37_RDSAGNTGKL_BV13-1.BJ2-4_SEDSSQNTL_780
780,other,BV13-1,SEDSSQNTL,BJ2-4,AV6-3,RDSAGNTGKL,AJ37,AV6-3.AJ37,BV13-1.BJ2-4,AV6-3.AJ37_BV13-1.BJ2-4,C2,YFCAS,YFG,1,9,YYCAM,IFG,105087.6875,79366.48438,86775,28986.24023,85878.94531,22120,16,242.5400085,175.5400085,19918.56055,15590.18945,5435.069824,2546.719971,1459.930054,8053.299805,1,11,yes,AV6-3.AJ37_RDSAGNTGKL_780,BV13-1.BJ2-4_SEDSSQNTL_780,AV6-3.AJ37_RDSAGNTGKL_BV13-1.BJ2-4_SEDSSQNTL_780
780,other,BV13-1,SEDSSQNTL,BJ2-4,AV6-3,RDSAGNTGKL,AJ37,AV6-3.AJ37,BV13-1.BJ2-4,AV6-3.AJ37_BV13-1.BJ2-4,H3,YFCAS,YFG,1,9,YYCAM,IFG,127451.9688,78162.61719,106863,30880.63867,77811.28125,26009,117.7599945,251.9200134,211.7200012,14164.22949,15687.59961,2983.5,513.039978,931.9700317,24225,1,11,yes,AV6-3.AJ37_RDSAGNTGKL_780,BV13-1.BJ2-4_SEDSSQNTL_780,AV6-3.AJ37_RDSAGNTGKL_BV13-1.BJ2-4_SEDSSQNTL_780
780,other,BV13-1,SEDSSQNTL,BJ2-4,AV6-3,RDSAGNTGKL,AJ37,AV6-3.AJ37,BV13-1.BJ2-4,AV6-3.AJ37_BV13-1.BJ2-4,G3,YFCAS,YFG,1,9,YYCAM,IFG,133475.6719,77681.32813,112607,34806.39844,75654.94531,30151,165.1199951,317.5800171,248.5700073,20321.45898,19438.13867,6489.239746,868.5599976,526.6199951,15119.59961,1,11,yes,AV6-3.AJ37_RDSAGNTGKL_780,BV13-1.BJ2-4_SEDSSQNTL_780,AV6-3.AJ37_RDSAGNTGKL_BV13-1.BJ2-4_SEDSSQNTL_780
780,other,BV13-1,SEDSSYNSPL,BJ1-6,AV1,RDQGNTGKL,AJ37,AV1.AJ37,BV13-1.BJ1-6,AV1.AJ37_BV13-1.BJ1-6,A7,YFCAS,YFA,1,10,YLCAV,IFG,147805.5938,76942.40625,125894,29191.03906,82992.66406,23051,137.5999908,648.5599976,434.8300171,20575.94922,16258.7998,11448.47949,12799.59961,1524.920044,1534.199951,1,7,yes,AV1.AJ37_RDQGNTGKL_780,BV13-1.BJ1-6_SEDSSYNSPL_780,AV1.AJ37_RDQGNTGKL_BV13-1.BJ1-6_SEDSSYNSPL_780
780,other,BV13-1,SEDSSYNSPL,BJ1-6,AV1,RDQGNTGKL,AJ37,AV1.AJ37,BV13-1.BJ1-6,AV1.AJ37_BV13-1.BJ1-6,H6,YFCAS,YFA,1,10,YLCAV,IFG,100130.0391,72211.22656,90874,30746.24023,72745.78906,27699,85.75999451,426.1200256,191.6200104,33908.37109,27327.83984,23858.82031,27209.59961,2110.5,23032.90039,1,7,yes,AV1.AJ37_RDQGNTGKL_780,BV13-1.BJ1-6_SEDSSYNSPL_780,AV1.AJ37_RDQGNTGKL_BV13-1.BJ1-6_SEDSSYNSPL_780
780,other,BV13-1,SEDSSYNSPL,BJ1-6,AV1,RDQGNTGKL,AJ37,AV1.AJ37,BV13-1.BJ1-6,AV1.AJ37_BV13-1.BJ1-6,E5,YFCAS,YFA,1,10,YLCAV,IFG,103313.7031,79894.82813,84746,23882.24023,83341.14063,18780,112.6399994,255.2700043,87.09999847,19595.73047,16533.68945,16308.7793,18040.88086,2045.51001,4523.399902,1,7,yes,AV1.AJ37_RDQGNTGKL_780,BV13-1.BJ1-6_SEDSSYNSPL_780,AV1.AJ37_RDQGNTGKL_BV13-1.BJ1-6_SEDSSYNSPL_780
780,other,BV13-1,SEDSSYNSPL,BJ1-6,AV1,RDQGNTGKL,AJ37,AV1.AJ37,BV13-1.BJ1-6,AV1.AJ37_BV13-1.BJ1-6,F9,YFCAS,YFA,1,10,YLCAV,IFG,92934.71875,81405.13281,74818,20305.2793,85566.28125,15552,88.31999969,263.3099976,91.79000092,22143.68945,14567.12988,10150.53027,11162.7998,2576.150146,7992.299805,1,7,yes,AV1.AJ37_RDQGNTGKL_780,BV13-1.BJ1-6_SEDSSYNSPL_780,AV1.AJ37_RDQGNTGKL_BV13-1.BJ1-6_SEDSSYNSPL_780
780,other,BV13-1,SEDSSYNSPL,BJ1-6,AV1,RDQGNTGKL,AJ37,AV1.AJ37,BV13-1.BJ1-6,AV1.AJ37_BV13-1.BJ1-6,D8,YFCAS,YFA,1,10,YLCAV,IFG,97409.36719,81116.91406,78699,21975.67969,81183.65625,17740,0.03,306.1900024,52.93000031,11445.92969,12393,8035.049805,10384,2331.600098,14635.7002,1,7,yes,AV1.AJ37_RDQGNTGKL_780,BV13-1.BJ1-6_SEDSSYNSPL_780,AV1.AJ37_RDQGNTGKL_BV13-1.BJ1-6_SEDSSYNSPL_780
780,other,BV13-1,SEDSSYNSPL,BJ1-6,AV1,RDQGNTGKL,AJ37,AV1.AJ37,BV13-1.BJ1-6,AV1.AJ37_BV13-1.BJ1-6,F8,YFCAS,YFA,1,10,YLCAV,IFG,98691.39063,81894.17969,78978,31920,82485.28125,25361,176.6399994,275.3699951,147.4000092,24401.96875,12559.25977,7324.109863,7274.959961,1171.160034,9973.799805,1,7,yes,AV1.AJ37_RDQGNTGKL_780,BV13-1.BJ1-6_SEDSSYNSPL_780,AV1.AJ37_RDQGNTGKL_BV13-1.BJ1-6_SEDSSYNSPL_780
780,other,BV13-1,SEDSSYNSPL,BJ1-6,AV1,RDQGNTGKL,AJ37,AV1.AJ37,BV13-1.BJ1-6,AV1.AJ37_BV13-1.BJ1-6,A2,YFCAS,YFA,1,10,YLCAV,IFG,74092.89063,74195.91406,65445,19615.35938,71030.63281,18098,120.3199997,245.8899994,178.2200012,19494.24023,9997.530273,6102.149902,2755.280029,726.2800293,1822.599976,1,7,yes,AV1.AJ37_RDQGNTGKL_780,BV13-1.BJ1-6_SEDSSYNSPL_780,AV1.AJ37_RDQGNTGKL_BV13-1.BJ1-6_SEDSSYNSPL_780
780,other,BV13-1,SGDRSSYEQ,BJ2-7,AV5-4,SDAYKV,AJ30,AV5-4.AJ30,BV13-1.BJ2-7,AV5-4.AJ30_BV13-1.BJ2-7,H7,YFCAS,YFG,1,9,YFCAA,IFG,143958.8438,81453.96875,115826,29668.47852,85364.76563,22777,169.5999908,307.5299988,228.4700012,24783.95898,35530.67969,1812.539917,13912.7998,1145.030029,22270.5,1,1,yes,AV5-4.AJ30_SDAYKV_780,BV13-1.BJ2-7_SGDRSSYEQ_780,AV5-4.AJ30_SDAYKV_BV13-1.BJ2-7_SGDRSSYEQ_780
780,other,BV19,SIGGTGQDTQ,BJ2-5,AV6-7/DV9,GDYDTNAYKV,AJ30,AV6-7/DV9.AJ30,BV19.BJ2-5,AV6-7/DV9.AJ30_BV19.BJ2-5,G7,FLCAS,YFG,2,10,YYCAL,IFG,142887.9531,79475.03906,117827,30804.47852,84564.25,23873,283.519989,436.8399963,250.5800018,29972.18945,55341.11719,3517.97998,75987.11719,2298.100098,17590.09961,1,1,yes,AV6-7/DV9.AJ30_GDYDTNAYKV_780,BV19.BJ2-5_SIGGTGQDTQ_780,AV6-7/DV9.AJ30_GDYDTNAYKV_BV19.BJ2-5_SIGGTGQDTQ_780
780,other,BV19,SIGGTSAETL,BJ2-3,AV11,GGDSGYNKL,AJ11,AV11.AJ11,BV19.BJ2-3,AV11.AJ11_BV19.BJ2-3,A8,FLCAS,YFG,2,10,YICVV,TFG,98169.75,82827.84375,77675,33802.23828,83068.23438,26668,7.679999828,330.980011,125.2900009,29573.36914,38924.21875,1113.329956,10793.2002,3394.890137,2277.300049,1,2,yes,AV11.AJ11_GGDSGYNKL_780,BV19.BJ2-3_SIGGTSAETL_780,AV11.AJ11_GGDSGYNKL_BV19.BJ2-3_SIGGTSAETL_780
780,other,BV19,SIGGTSAETL,BJ2-3,AV11,GGDSGYNKL,AJ11,AV11.AJ11,BV19.BJ2-3,AV11.AJ11_BV19.BJ2-3,E6,FLCAS,YFG,2,10,YICVV,TFG,125006.6094,76014.9375,107774,21126.40039,75823.64844,18260,186.8799896,455.6000061,150.0800018,15731.45996,33595.73828,1164.329956,17265.59961,2780.5,5228.5,1,2,yes,AV11.AJ11_GGDSGYNKL_780,BV19.BJ2-3_SIGGTSAETL_780,AV11.AJ11_GGDSGYNKL_BV19.BJ2-3_SIGGTSAETL_780
780,other,BV19,SMGGAGAETL,BJ2-3,AV6-7/DV9,SDYDTNAYKV,AJ30,AV6-7/DV9.AJ30,BV19.BJ2-3,AV6-7/DV9.AJ30_BV19.BJ2-3,F2,FLCAS,YFG,2,10,YYCAL,IFG,83337.50781,73397.84375,74411,40376.32031,72943.60938,36276,309.7599792,341.7000122,241.2000122,39377.60938,36491.00781,2159.339844,59808.32031,1907.48999,13885.7002,1,5,yes,AV6-7/DV9.AJ30_SDYDTNAYKV_780,BV19.BJ2-3_SMGGAGAETL_780,AV6-7/DV9.AJ30_SDYDTNAYKV_BV19.BJ2-3_SMGGAGAETL_780
780,other,BV19,SMGGAGAETL,BJ2-3,AV6-7/DV9,SDYDTNAYKV,AJ30,AV6-7/DV9.AJ30,BV19.BJ2-3,AV6-7/DV9.AJ30_BV19.BJ2-3,F7,FLCAS,YFG,2,10,YYCAL,IFG,126747.4766,79108.22656,105002,41557.75781,87615.54688,31085,254.7200012,424.1100159,242.5400085,39998.78906,46268.21875,2974.319824,86028.79688,2901.77002,10433.5,1,5,yes,AV6-7/DV9.AJ30_SDYDTNAYKV_780,BV19.BJ2-3_SMGGAGAETL_780,AV6-7/DV9.AJ30_SDYDTNAYKV_BV19.BJ2-3_SMGGAGAETL_780
780,other,BV19,SMGGAGAETL,BJ2-3,AV6-7/DV9,SDYDTNAYKV,AJ30,AV6-7/DV9.AJ30,BV19.BJ2-3,AV6-7/DV9.AJ30_BV19.BJ2-3,F10,FLCAS,YFG,2,10,YYCAL,IFG,104652.9922,76522.28125,89628,27310.71875,74932.39063,23886,216.3199921,1027.109985,305.5200195,15840.59961,34512.71875,2000.72998,52699.67969,1703.140015,7560,1,5,yes,AV6-7/DV9.AJ30_SDYDTNAYKV_780,BV19.BJ2-3_SMGGAGAETL_780,AV6-7/DV9.AJ30_SDYDTNAYKV_BV19.BJ2-3_SMGGAGAETL_780
780,other,BV19,SMGGAGAETL,BJ2-3,AV6-7/DV9,SDYDTNAYKV,AJ30,AV6-7/DV9.AJ30,BV19.BJ2-3,AV6-7/DV9.AJ30_BV19.BJ2-3,F5,FLCAS,YFG,2,10,YYCAL,IFG,128639.4609,75326.95313,111919,37098.23828,75048.46875,32396,90.87999725,375.2000122,252.5900116,21312.38867,33185.1875,2182.800049,30286.08008,3078.650146,11225.2002,1,5,yes,AV6-7/DV9.AJ30_SDYDTNAYKV_780,BV19.BJ2-3_SMGGAGAETL_780,AV6-7/DV9.AJ30_SDYDTNAYKV_BV19.BJ2-3_SMGGAGAETL_780
780,other,BV19,SMGGAGAETL,BJ2-3,AV6-7/DV9,SDYDTNAYKV,AJ30,AV6-7/DV9.AJ30,BV19.BJ2-3,AV6-7/DV9.AJ30_BV19.BJ2-3,H1,YFCAS,YFG,2,10,YYCAL,IFG,126388.6797,81569.02344,101546,30144.63867,81634.67969,24200,0.0093,78.38999939,89.77999878,18618.57031,37111.16797,1794.179932,51181.67969,2168.120117,25528.19922,1,5,yes,AV6-7/DV9.AJ30_SDYDTNAYKV_780,BV19.BJ2-3_SMGGAGAETL_780,AV6-7/DV9.AJ30_SDYDTNAYKV_BV19.BJ2-3_SMGGAGAETL_780
780,other,BV26,RQGNNQAP,BJ1-5,AV9D-4,SALDSNYQL,AJ33,AV9D-4.AJ33,BV26.BJ1-5,AV9D-4.AJ33_BV26.BJ1-5,B10,YLCAS,LFG,1,8,YFCVL,IWG,101463.1172,86378.28906,76981,18569.59961,89012.38281,13672,62.71999741,239.1900024,112.5600052,13113.12012,7110.929688,400.8599854,6176.719727,2246.51001,3691.399902,1,1,yes,AV9D-4.AJ33_SALDSNYQL_780,BV26.BJ1-5_RQGNNQAP_780,AV9D-4.AJ33_SALDSNYQL_BV26.BJ1-5_RQGNNQAP_780
780,other,BV29,SLSGTTNTEV,BJ1-1,AV6-7/DV9,SDYDTNAYKV,AJ30,AV6-7/DV9.AJ30,BV29.BJ1-1,AV6-7/DV9.AJ30_BV29.BJ1-1,C6,YFCAS,FFG,1,10,YYCAL,IFG,136845.625,81510.11719,110027,28529.2793,85844.57031,21780,215.0399933,305.5200195,247.9000092,23289.66016,19593.68945,1082.72998,33560.55859,3264.23999,9193.299805,1,11,yes,AV6-7/DV9.AJ30_SDYDTNAYKV_780,BV29.BJ1-1_SLSGTTNTEV_780,AV6-7/DV9.AJ30_SDYDTNAYKV_BV29.BJ1-1_SLSGTTNTEV_780
780,other,BV29,SLSGTTNTEV,BJ1-1,AV6-7/DV9,SDYDTNAYKV,AJ30,AV6-7/DV9.AJ30,BV29.BJ1-1,AV6-7/DV9.AJ30_BV29.BJ1-1,D9,YFCAS,FFG,1,10,YYCAL,IFG,113431.1719,77868.82813,95466,25911.67969,78804.02344,21549,247.0399933,284.75,178.8899994,21381.24023,37715.00781,2344.469971,52962.80078,1644.850098,13073.09961,1,11,yes,AV6-7/DV9.AJ30_SDYDTNAYKV_780,BV29.BJ1-1_SLSGTTNTEV_780,AV6-7/DV9.AJ30_SDYDTNAYKV_BV29.BJ1-1_SLSGTTNTEV_780
780,other,BV29,SLSGTTNTEV,BJ1-1,AV6-7/DV9,SDYDTNAYKV,AJ30,AV6-7/DV9.AJ30,BV29.BJ1-1,AV6-7/DV9.AJ30_BV29.BJ1-1,F1,YFCAS,FFG,1,10,YYCAL,IFG,153703.7031,82708.98438,121790,30584.95898,94847.67969,21133,508.1600037,326.2900085,285.4200134,32385.50977,31961.18945,3421.589844,97423.03906,3189.870117,14177.59961,1,11,yes,AV6-7/DV9.AJ30_SDYDTNAYKV_780,BV29.BJ1-1_SLSGTTNTEV_780,AV6-7/DV9.AJ30_SDYDTNAYKV_BV29.BJ1-1_SLSGTTNTEV_780
780,other,BV29,SLSGTTNTEV,BJ1-1,AV6-7/DV9,SDYDTNAYKV,AJ30,AV6-7/DV9.AJ30,BV29.BJ1-1,AV6-7/DV9.AJ30_BV29.BJ1-1,G4,YFCAS,FFG,1,10,YYCAL,IFG,119372.0703,76809.92969,101851,14055.04004,77508.50781,11884,3.839999914,117.9200058,160.1300049,20852.87891,22719.99023,952.1699829,18366.48047,688.7600098,15864.09961,1,11,yes,AV6-7/DV9.AJ30_SDYDTNAYKV_780,BV29.BJ1-1_SLSGTTNTEV_780,AV6-7/DV9.AJ30_SDYDTNAYKV_BV29.BJ1-1_SLSGTTNTEV_780
780,other,BV29,SLSGTTNTEV,BJ1-1,AV6-7/DV9,SDYDTNAYKV,AJ30,AV6-7/DV9.AJ30,BV29.BJ1-1,AV6-7/DV9.AJ30_BV29.BJ1-1,E1,YFCAS,FFG,1,10,YYCAL,IFG,110106.75,75424.70313,95671,22365.43945,76376.5,19191,136.3199921,377.8800049,162.1399994,24032.73047,15100.58984,661.4699707,8001.839844,2501.780029,2045.900024,1,11,yes,AV6-7/DV9.AJ30_SDYDTNAYKV_780,BV29.BJ1-1_SLSGTTNTEV_780,AV6-7/DV9.AJ30_SDYDTNAYKV_BV29.BJ1-1_SLSGTTNTEV_780
780,other,BV29,SLSGTTNTEV,BJ1-1,AV6-7/DV9,SDYDTNAYKV,AJ30,AV6-7/DV9.AJ30,BV29.BJ1-1,AV6-7/DV9.AJ30_BV29.BJ1-1,B3,YFCAS,FFG,1,10,YYCAL,IFG,144771.6563,76885.5625,123401,27200,77278.32813,23067,94.0799942,296.8099976,164.1500092,28279.5,28182.59961,1699.829956,39860.48047,1636.140015,6753.700195,1,11,yes,AV6-7/DV9.AJ30_SDYDTNAYKV_780,BV29.BJ1-1_SLSGTTNTEV_780,AV6-7/DV9.AJ30_SDYDTNAYKV_BV29.BJ1-1_SLSGTTNTEV_780
780,other,BV29,SLSGTTNTEV,BJ1-1,AV6-7/DV9,SDYDTNAYKV,AJ30,AV6-7/DV9.AJ30,BV29.BJ1-1,AV6-7/DV9.AJ30_BV29.BJ1-1,C1,YFCAS,FFG,1,10,YYCAL,IFG,99702.24219,76621.00781,85278,28656.63867,76852.38281,24437,437.7599792,414.730011,225.1200104,26113.01953,25366.88867,2077.73999,151323.9219,4959.340332,7758.600098,1,11,yes,AV6-7/DV9.AJ30_SDYDTNAYKV_780,BV29.BJ1-1_SLSGTTNTEV_780,AV6-7/DV9.AJ30_SDYDTNAYKV_BV29.BJ1-1_SLSGTTNTEV_780
780,other,BV29,SLSGTTNTEV,BJ1-1,AV6-7/DV9,SDYDTNAYKV,AJ30,AV6-7/DV9.AJ30,BV29.BJ1-1,AV6-7/DV9.AJ30_BV29.BJ1-1,E10,YFCAS,FFG,1,10,YYCAL,IFG,107538.5703,77532.72656,90899,20240,79733.63281,16636,80,106.5300064,32.15999985,13018.25977,19729.34961,1196.969971,25307.03906,1865.950073,7062.700195,1,11,yes,AV6-7/DV9.AJ30_SDYDTNAYKV_780,BV29.BJ1-1_SLSGTTNTEV_780,AV6-7/DV9.AJ30_SDYDTNAYKV_BV29.BJ1-1_SLSGTTNTEV_780
780,other,BV29,SLSGTTNTEV,BJ1-1,AV6-7/DV9,SDYDTNAYKV,AJ30,AV6-7/DV9.AJ30,BV29.BJ1-1,AV6-7/DV9.AJ30_BV29.BJ1-1,C5,YFCAS,FFG,1,10,YYCAL,IFG,97195.46875,73885.32813,86212,31899.51953,73412.47656,28477,211.1999969,225.1200104,248.5700073,22892.87891,31243.61914,2139.959961,49240.39844,1827.090088,8924,1,11,yes,AV6-7/DV9.AJ30_SDYDTNAYKV_780,BV29.BJ1-1_SLSGTTNTEV_780,AV6-7/DV9.AJ30_SDYDTNAYKV_BV29.BJ1-1_SLSGTTNTEV_780
780,other,BV29,SLSGTTNTEV,BJ1-1,AV6-7/DV9,SDYDTNAYKV,AJ30,AV6-7/DV9.AJ30,BV29.BJ1-1,AV6-7/DV9.AJ30_BV29.BJ1-1,C7,YFCAS,FFG,1,10,YYCAL,IFG,114618.6563,77733.77344,96633,30731.51953,84427.625,23855,264.3200073,426.1200256,280.730011,6348.989746,13852.10938,1726.349976,59146.55859,2515.180176,9860.400391,1,11,yes,AV6-7/DV9.AJ30_SDYDTNAYKV_780,BV29.BJ1-1_SLSGTTNTEV_780,AV6-7/DV9.AJ30_SDYDTNAYKV_BV29.BJ1-1_SLSGTTNTEV_780
780,other,BV29,SLSGTTNTEV,BJ1-1,AV6-7/DV9,SDYDTNAYKV,AJ30,AV6-7/DV9.AJ30,BV29.BJ1-1,AV6-7/DV9.AJ30_BV29.BJ1-1,D6,YFCAS,FFG,1,10,YYCAL,IFG,147128.7031,79607.5625,121122,29744,82093.1875,23745,376.3199768,557.4400024,253.2600098,24212.25,31309.91992,2309.790039,53750.39844,3521.52002,15587.5,1,11,yes,AV6-7/DV9.AJ30_SDYDTNAYKV_780,BV29.BJ1-1_SLSGTTNTEV_780,AV6-7/DV9.AJ30_SDYDTNAYKV_BV29.BJ1-1_SLSGTTNTEV_780
780,other,BV4,SAQGPLNERL,BJ1-4,AV6-6,GSGGSNYKL,AJ53,AV6-6.AJ53,BV4.BJ1-4,AV6-6.AJ53_BV4.BJ1-4,G10,FLCAS,FFG,1,10,YYCAL,TFG,88720.89063,81482.27344,71358,17239.03906,81484.14844,13865,111.3600006,168.1699982,65.66000366,14017.85938,25628.00977,707.3699951,6416.080078,624.4400024,18738.19922,1,1,yes,AV6-6.AJ53_GSGGSNYKL_780,BV4.BJ1-4_SAQGPLNERL_780,AV6-6.AJ53_GSGGSNYKL_BV4.BJ1-4_SAQGPLNERL_780